Ticker,headline,summary,published_at,Date,Open,High,Low,Close,Adj Close,Volume,Close_t-1,Close_t-2,Close_t-3,Close_t-4,Close_t-5,Close_t-6,Close_t-7,FinBERT_neutral,FinBERT_positive,FinBERT_negative,Predicted_Close
CTSH,Cognizant Tech Solns's Options: A Look at What the Big Money is Thinking, ,2024-05-17T16:01:55Z,2024-05-17,69.9800033569336,70.18000030517578,68.19000244140625,68.76000213623047,67.98808288574219,4384900,70.33000183105469,68.86000061035156,67.77999877929688,67.87000274658203,66.9800033569336,66.80000305175781,67.72000122070312,0.3561300039291382,0.6328378915786743,0.0110320886597037,67.65942261368036
CTSH,"If You Invested $1000 In This Stock 20 Years Ago, You Would Have $12,000 Today", ,2024-05-21T19:30:23Z,2024-05-21,69.31999969482422,69.33000183105469,68.5199966430664,68.79000091552734,68.01774597167969,2704300,69.58000183105469,68.76000213623047,70.33000183105469,68.86000061035156,67.77999877929688,67.87000274658203,66.9800033569336,0.3561300039291382,0.6328378915786743,0.0110320886597037,70.32944718748331
CTSH,How Is The Market Feeling About Cognizant Tech Solns?, ,2024-05-23T17:45:20Z,2024-05-23,69.37999725341797,69.66000366210938,68.26000213623047,68.47000122070312,67.70133209228516,2149900,69.05000305175781,68.79000091552734,69.58000183105469,68.76000213623047,70.33000183105469,68.86000061035156,67.77999877929688,0.3561300039291382,0.6328378915786743,0.0110320886597037,68.75944123417139
CTSH,$1000 Invested In Cognizant Tech Solns 20 Years Ago Would Be Worth This Much Today, ,2024-06-05T21:30:41Z,2024-06-05,65.54000091552734,65.81999969482422,65.05999755859375,65.5199966430664,64.78445434570312,1655200,65.3499984741211,65.77999877929688,66.1500015258789,64.77999877929688,66.12000274658203,66.86000061035156,68.31999969482422,0.3561300039291382,0.6328378915786743,0.0110320886597037,68.78939401358366
CTSH,Cognizant Tech Solns Stock: A Deep Dive Into Analyst Perspectives (10 Ratings), ,2024-06-10T18:00:50Z,2024-06-10,65.87999725341797,67.37000274658203,65.68000030517578,67.25,66.49504089355469,4143700,65.94000244140625,66.30999755859375,65.5199966430664,65.3499984741211,65.77999877929688,66.1500015258789,64.77999877929688,0.3561300039291382,0.6328378915786743,0.0110320886597037,68.46938940882683
CTSH,Needham Reiterates Hold on Cognizant Tech Solns,Needham Reiterates Hold on Cognizant Tech Solns,2024-06-10T14:55:54Z,2024-06-10,65.87999725341797,67.37000274658203,65.68000030517578,67.25,66.49504089355469,4143700,65.94000244140625,66.30999755859375,65.5199966430664,65.3499984741211,65.77999877929688,66.1500015258789,64.77999877929688,0.9679760336875916,0.0033119712024927,0.0287120100110769,65.51933693885803
CTSH,Cognizant Strengthens Engineering Muscle with $1.3B Belcan Buyout: Details,"Cognizant Technology Solutions to acquire Belcan, LLC for $1.3B in cash and stock, expanding its ER&amp;D capabilities and presence in aerospace/defense. Deal expected to close in Sept. 2024, with $800M annual revenue contribution and EPS accretion by 2026.",2024-06-10T12:24:06Z,2024-06-10,65.87999725341797,67.37000274658203,65.68000030517578,67.25,66.49504089355469,4143700,65.94000244140625,66.30999755859375,65.5199966430664,65.3499984741211,65.77999877929688,66.1500015258789,64.77999877929688,0.0006135819712653,0.9993860721588136,3.5874691661774705e-07,67.24938564002514
CTSH,"Cognizant To Acquire Belcan For $1.3B, Expected to Deliver Over $100M in Annual Revenue Synergies Within 3 Years and To Be 2026 EPS Accretive","Cognizant To Acquire Belcan For $1.3B, Expected to Deliver Over $100M in Annual Revenue Synergies Within 3 Years and To Be 2026 EPS Accretive",2024-06-10T11:03:35Z,2024-06-10,65.87999725341797,67.37000274658203,65.68000030517578,67.25,66.49504089355469,4143700,65.94000244140625,66.30999755859375,65.5199966430664,65.3499984741211,65.77999877929688,66.1500015258789,64.77999877929688,0.0002563665329944,0.9997429251670836,7.38662322419259e-07,67.24936467409134
CTSH,"Mizuho Maintains Neutral on Cognizant Tech Solns, Maintains $82 Price Target","Mizuho Maintains Neutral on Cognizant Tech Solns, Maintains $82 Price Target",2024-06-11T14:09:41Z,2024-06-11,67.06999969482422,67.20999908447266,66.0999984741211,66.97000122070312,66.21818542480469,2070200,67.25,65.94000244140625,66.30999755859375,65.5199966430664,65.3499984741211,65.77999877929688,66.1500015258789,0.97426176071167,0.0198409054428339,0.0058972439728677,67.24934162944555
CTSH,How Is The Market Feeling About Cognizant Tech Solns?, ,2024-06-13T16:30:26Z,2024-06-13,66.05000305175781,66.05000305175781,64.55000305175781,64.61000061035156,63.884674072265625,2728800,66.30000305175781,66.97000122070312,67.25,65.94000244140625,66.30999755859375,65.5199966430664,65.3499984741211,0.3561300039291382,0.6328378915786743,0.0110320886597037,67.24938421696424
CTSH,"Cognizant, Gentherm Sign Agreement For Strategic Product Engineering Services And Development Of A New Delivery Center","Cognizant, Gentherm Sign Agreement For Strategic Product Engineering Services And Development Of A New Delivery Center",2024-06-17T12:04:52Z,2024-06-17,64.01000213623047,65.69999694824219,63.790000915527344,65.5199966430664,64.78445434570312,2956700,64.26000213623047,64.61000061035156,66.30000305175781,66.97000122070312,67.25,65.94000244140625,66.30999755859375,0.4049073755741119,0.5928404927253723,0.0022520676720887,66.96938274800777
CTSH,"Goldman Sachs Initiates Coverage On Cognizant Tech Solns with Neutral Rating, Announces Price Target of $72","Goldman Sachs Initiates Coverage On Cognizant Tech Solns with Neutral Rating, Announces Price Target of $72",2024-06-24T09:30:21Z,2024-06-24,68.23999786376953,69.19999694824219,68.01000213623047,68.68000030517578,67.90898132324219,2461600,68.33999633789062,68.13999938964844,65.80999755859375,65.5199966430664,64.26000213623047,64.61000061035156,66.30000305175781,0.9939790964126588,0.0043047936633229,0.0017161278519779,64.60934317857027
CTSH,"Cognizant CFO Jatin Dalal Settles Non-Compete Lawsuit With Wipro, Terms Confidential","Cognizant CFO Jatin Dalal Settles Non-Compete Lawsuit With Wipro, Terms Confidential",2024-07-09T10:50:26Z,2024-07-09,67.38999938964844,67.69000244140625,66.86000061035156,66.88999938964844,66.13907623291016,2109500,67.55000305175781,68.0,68.30000305175781,68.61000061035156,67.73999786376953,68.0,67.7300033569336,0.8584423065185547,0.1388956606388092,0.0026620551943778,65.51941432803869
CTSH,"Cognizant And Victory Capital To Extend Relationship With 5-Year Agreement; Cognizant Will Provide IT Infrastructure, Security, And Data And Analytics Support To Victory Capital's Next Phase Of Digital Transformation","Cognizant And Victory Capital To Extend Relationship With 5-Year Agreement; Cognizant Will Provide IT Infrastructure, Security, And Data And Analytics Support To Victory Capital's Next Phase Of Digital Transformation",2024-07-17T12:12:48Z,2024-07-17,73.7699966430664,75.12000274658203,73.66999816894531,74.69999694824219,73.86139678955078,3016400,73.79000091552734,72.43000030517578,71.52999877929688,70.13999938964844,67.83000183105469,66.88999938964844,67.55000305175781,0.1858448535203933,0.8128837943077087,0.0012713324977084,68.67947720736265
CTSH,Expert Ratings For Cognizant Tech Solns, ,2024-07-23T12:01:12Z,2024-07-23,74.91000366210938,74.91000366210938,73.5999984741211,73.88999938964844,73.06049346923828,5753100,75.16000366210938,74.33000183105469,75.97000122070312,74.69999694824219,73.79000091552734,72.43000030517578,71.52999877929688,0.3561300039291382,0.6328378915786743,0.0110320886597037,66.88942560553551
CTSH,"Barclays Maintains Equal-Weight on Cognizant Tech Solns, Raises Price Target to $80","Barclays Maintains Equal-Weight on Cognizant Tech Solns, Raises Price Target to $80",2024-07-23T12:00:14Z,2024-07-23,74.91000366210938,74.91000366210938,73.5999984741211,73.88999938964844,73.06049346923828,5753100,75.16000366210938,74.33000183105469,75.97000122070312,74.69999694824219,73.79000091552734,72.43000030517578,71.52999877929688,0.4975625276565552,0.5015469789505005,0.0008905202848836,74.69942218065262
CTSH,Cognizant And Whitbread Expand Partnership To Enhance Digital Customer Experiences Across UK And Germany,Cognizant And Whitbread Expand Partnership To Enhance Digital Customer Experiences Across UK And Germany,2024-07-23T08:03:23Z,2024-07-23,74.91000366210938,74.91000366210938,73.5999984741211,73.88999938964844,73.06049346923828,5753100,75.16000366210938,74.33000183105469,75.97000122070312,74.69999694824219,73.79000091552734,72.43000030517578,71.52999877929688,0.5593084096908569,0.4357002377510071,0.0049913665279746,73.88942160457373
CTSH,Hays Teams Up with Cognizant for Global Tech Transformation and Innovation,Hays Teams Up with Cognizant for Global Tech Transformation and Innovation,2024-07-29T08:01:57Z,2024-07-29,74.83999633789062,74.83999633789062,74.02999877929688,74.54000091552734,73.70319366455078,4825400,74.56999969482422,73.20999908447266,72.69000244140625,73.88999938964844,75.16000366210938,74.33000183105469,75.97000122070312,0.9961154460906982,0.0031885528005659,0.0006959343445487,73.8893823698163
CTSH,"Reported Sunday, Unitywater Taps Cognizant For ICT Support Managed Services For The Water Provider In Strategic Five-Year Deal","Reported Sunday, Unitywater Taps Cognizant For ICT Support Managed Services For The Water Provider In Strategic Five-Year Deal",2024-07-29T05:45:04Z,2024-07-29,74.83999633789062,74.83999633789062,74.02999877929688,74.54000091552734,73.70319366455078,4825400,74.56999969482422,73.20999908447266,72.69000244140625,73.88999938964844,75.16000366210938,74.33000183105469,75.97000122070312,0.9042419195175172,0.093758076429367,0.0020000208169221,73.88938803225756
CTSH,Cognizant Sees FY24 Adj. EPS $4.62-$4.70 Vs $4.95 Estimate,Cognizant Sees FY24 Adj. EPS $4.62-$4.70 Vs $4.95 Estimate,2024-07-31T20:13:58Z,2024-07-31,76.30999755859375,76.30999755859375,75.12000274658203,75.68000030517578,74.83039855957031,3860400,75.81999969482422,74.54000091552734,74.56999969482422,73.20999908447266,72.69000244140625,73.88999938964844,75.16000366210938,0.8057206273078918,0.1941236555576324,0.0001557289360789,74.53943736106157
CTSH,Cognizant Sees Q3 2024 Revenue $4.89B-$4.96B Vs $4.8B Estimate,Cognizant Sees Q3 2024 Revenue $4.89B-$4.96B Vs $4.8B Estimate,2024-07-31T20:13:09Z,2024-07-31,76.30999755859375,76.30999755859375,75.12000274658203,75.68000030517578,74.83039855957031,3860400,75.81999969482422,74.54000091552734,74.56999969482422,73.20999908447266,72.69000244140625,73.88999938964844,75.16000366210938,0.64121413230896,0.3578272759914398,0.0009586256928741,74.53946667164564
CTSH,"Cognizant Tech Solns Q2 2024 Adj EPS $1.17 Beats $1.12 Estimate, Sales $4.90B Beat $4.80B Estimate","Cognizant Tech Solns Q2 2024 Adj EPS $1.17 Beats $1.12 Estimate, Sales $4.90B Beat $4.80B Estimate",2024-07-31T20:02:31Z,2024-07-31,76.30999755859375,76.30999755859375,75.12000274658203,75.68000030517578,74.83039855957031,3860400,75.81999969482422,74.54000091552734,74.56999969482422,73.20999908447266,72.69000244140625,73.88999938964844,75.16000366210938,1.0188776400354983e-07,0.9999998807907104,1.1232987873199818e-08,75.6794747710228
CTSH,"BMO Capital Maintains Market Perform on Cognizant Tech Solns, Raises Price Target to $85","BMO Capital Maintains Market Perform on Cognizant Tech Solns, Raises Price Target to $85",2024-08-01T16:25:04Z,2024-08-01,78.0,80.2699966430664,75.4000015258789,76.30999755859375,75.45332336425781,6668000,75.68000030517578,75.81999969482422,74.54000091552734,74.56999969482422,73.20999908447266,72.69000244140625,73.88999938964844,0.4373561143875122,0.5602278709411621,0.0024160540197044,75.67943453788757
CTSH,"RBC Capital Maintains Sector Perform on Cognizant Tech Solns, Raises Price Target to $81","RBC Capital Maintains Sector Perform on Cognizant Tech Solns, Raises Price Target to $81",2024-08-01T15:28:36Z,2024-08-01,78.0,80.2699966430664,75.4000015258789,76.30999755859375,75.45332336425781,6668000,75.68000030517578,75.81999969482422,74.54000091552734,74.56999969482422,73.20999908447266,72.69000244140625,73.88999938964844,0.3159757554531097,0.6807066798210144,0.003317556111142,75.67938997596502
CTSH,Top 2 Tech Stocks That May Plunge In Q3, ,2024-08-01T13:28:45Z,2024-08-01,78.0,80.2699966430664,75.4000015258789,76.30999755859375,75.45332336425781,6668000,75.68000030517578,75.81999969482422,74.54000091552734,74.56999969482422,73.20999908447266,72.69000244140625,73.88999938964844,0.3561300039291382,0.6328378915786743,0.0110320886597037,76.30933914333582
CTSH,"Baird Maintains Neutral on Cognizant Tech Solns, Raises Price Target to $78","Baird Maintains Neutral on Cognizant Tech Solns, Raises Price Target to $78",2024-08-01T12:19:49Z,2024-08-01,78.0,80.2699966430664,75.4000015258789,76.30999755859375,75.45332336425781,6668000,75.68000030517578,75.81999969482422,74.54000091552734,74.56999969482422,73.20999908447266,72.69000244140625,73.88999938964844,0.8722655773162842,0.1103415712714195,0.0173927508294582,76.30930119007826
CTSH,This Cognizant Technology Analyst Is No Longer Bearish; Here Are Top 5 Upgrades For Wednesday, ,2024-08-07T12:46:06Z,2024-08-07,73.68000030517578,74.38999938964844,73.0999984741211,73.16999816894531,72.34857177734375,3887800,72.6500015258789,71.7300033569336,74.0,76.30999755859375,75.68000030517578,75.81999969482422,74.54000091552734,0.3561300039291382,0.6328378915786743,0.0110320886597037,76.3093177601695
CTSH,Uber To Rally Over 26%? Here Are 10 Top Analyst Forecasts For Wednesday, ,2024-08-07T12:26:40Z,2024-08-07,73.68000030517578,74.38999938964844,73.0999984741211,73.16999816894531,72.34857177734375,3887800,72.6500015258789,71.7300033569336,74.0,76.30999755859375,75.68000030517578,75.81999969482422,74.54000091552734,0.3561300039291382,0.6328378915786743,0.0110320886597037,76.30934529751539
CTSH,"B of A Securities Upgrades Cognizant Tech Solns to Neutral, Raises Price Target to $75","B of A Securities Upgrades Cognizant Tech Solns to Neutral, Raises Price Target to $75",2024-08-07T10:12:57Z,2024-08-07,73.68000030517578,74.38999938964844,73.0999984741211,73.16999816894531,72.34857177734375,3887800,72.6500015258789,71.7300033569336,74.0,76.30999755859375,75.68000030517578,75.81999969482422,74.54000091552734,0.0232256073504686,0.9764944911003112,0.0002799265785142,73.16934179514647
CTSH,"Goldman Sachs Maintains Neutral on Cognizant Tech Solns, Raises Price Target to $76","Goldman Sachs Maintains Neutral on Cognizant Tech Solns, Raises Price Target to $76",2024-08-28T15:16:48Z,2024-08-28,77.29000091552734,78.16999816894531,76.68000030517578,76.87000274658203,76.30830383300781,1990300,77.1500015258789,76.80999755859375,76.68000030517578,76.2699966430664,76.62000274658203,75.45999908447266,75.98999786376953,0.7665904760360718,0.1908319145441055,0.0425775684416294,73.16932378709316
CTSH,Ambarella To Rally Around 61%? Here Are 10 Top Analyst Forecasts For Wednesday, ,2024-08-28T13:16:17Z,2024-08-28,77.29000091552734,78.16999816894531,76.68000030517578,76.87000274658203,76.30830383300781,1990300,77.1500015258789,76.80999755859375,76.68000030517578,76.2699966430664,76.62000274658203,75.45999908447266,75.98999786376953,0.3561300039291382,0.6328378915786743,0.0110320886597037,73.16935145109892
CTSH,"RBC Capital Maintains Sector Perform on Cognizant Tech Solns, Raises Price Target to $82","RBC Capital Maintains Sector Perform on Cognizant Tech Solns, Raises Price Target to $82",2024-08-28T12:39:31Z,2024-08-28,77.29000091552734,78.16999816894531,76.68000030517578,76.87000274658203,76.30830383300781,1990300,77.1500015258789,76.80999755859375,76.68000030517578,76.2699966430664,76.62000274658203,75.45999908447266,75.98999786376953,0.2762780487537384,0.7208489775657654,0.0028729978948831,76.86931839585304
CTSH,"Jefferies Reinstates Buy on Cognizant Tech Solns, Announces $90 Price Target","Jefferies Reinstates Buy on Cognizant Tech Solns, Announces $90 Price Target",2024-08-28T12:24:58Z,2024-08-28,77.29000091552734,78.16999816894531,76.68000030517578,76.87000274658203,76.30830383300781,1990300,77.1500015258789,76.80999755859375,76.68000030517578,76.2699966430664,76.62000274658203,75.45999908447266,75.98999786376953,0.134561002254486,0.865253746509552,0.0001852485875133,76.86931356787682
CTSH,Analyst Scoreboard: 6 Ratings For Cognizant Tech Solns, ,2024-08-28T12:00:19Z,2024-08-28,77.29000091552734,78.16999816894531,76.68000030517578,76.87000274658203,76.30830383300781,1990300,77.1500015258789,76.80999755859375,76.68000030517578,76.2699966430664,76.62000274658203,75.45999908447266,75.98999786376953,0.3561300039291382,0.6328378915786743,0.0110320886597037,76.8692977130413
CTSH,Needham Reiterates Hold on Cognizant Tech Solns,Needham Reiterates Hold on Cognizant Tech Solns,2024-08-28T10:58:43Z,2024-08-28,77.29000091552734,78.16999816894531,76.68000030517578,76.87000274658203,76.30830383300781,1990300,77.1500015258789,76.80999755859375,76.68000030517578,76.2699966430664,76.62000274658203,75.45999908447266,75.98999786376953,0.9679760336875916,0.0033119712024927,0.0287120100110769,76.86931829154491
CTSH,"JP Morgan Maintains Neutral on Cognizant Tech Solns, Raises Price Target to $89","JP Morgan Maintains Neutral on Cognizant Tech Solns, Raises Price Target to $89",2024-09-06T17:43:23Z,2024-09-06,77.0,77.51000213623047,75.7300033569336,75.83999633789062,75.28581237792969,2510400,76.76000213623047,77.31999969482422,76.7699966430664,77.7699966430664,77.13999938964844,76.87000274658203,77.1500015258789,0.8278552889823914,0.1518512070178985,0.0202935095876455,76.86932870745659
CTSH,Cognizant Partners with KOMBIT to Boost IT Solutions Across Denmark's Municipalities,Cognizant Partners with KOMBIT to Boost IT Solutions Across Denmark's Municipalities,2024-09-12T09:16:27Z,2024-09-12,76.44000244140625,76.7300033569336,75.55000305175781,76.30999755859375,75.75238800048828,1996600,76.30000305175781,76.55000305175781,76.12999725341797,75.83999633789062,76.76000213623047,77.31999969482422,76.7699966430664,0.5867490172386169,0.4122985303401947,0.000952455215156,76.8693632632494
CTSH,"Cognizant Teams Up with England and Wales Cricket Board to Drive Digital Innovation in Cricket, Launching New Tech in 2025","Cognizant Teams Up with England and Wales Cricket Board to Drive Digital Innovation in Cricket, Launching New Tech in 2025",2024-09-17T08:12:00Z,2024-09-17,78.12000274658203,78.2699966430664,75.83000183105469,76.22000122070312,75.66304779052734,2578800,77.87000274658203,77.20999908447266,76.30999755859375,76.30000305175781,76.55000305175781,76.12999725341797,75.83999633789062,0.9621945023536682,0.0370683073997497,0.000737190421205,75.83938270062208
CTSH,"mecwacare, Cognizant Embark On Multi-year Relationship To Launch Digital Transformation Program","mecwacare, Cognizant Embark On Multi-year Relationship To Launch Digital Transformation Program",2024-09-18T22:02:53Z,2024-09-18,75.86000061035156,76.2699966430664,75.19000244140625,75.3499984741211,74.79940032958984,2043700,76.22000122070312,77.87000274658203,77.20999908447266,76.30999755859375,76.30000305175781,76.55000305175781,76.12999725341797,0.8545847535133362,0.1401417702436447,0.0052734962664544,76.30944356322289
CTSH,P/E Ratio Insights for Cognizant Tech Solns, ,2024-09-27T20:16:48Z,2024-09-27,77.47000122070312,77.61000061035156,76.68000030517578,76.88999938964844,76.3281478881836,4426000,77.19999694824219,75.52999877929688,76.04000091552734,76.12000274658203,75.63999938964844,75.19999694824219,75.3499984741211,0.3561300039291382,0.6328378915786743,0.0110320886597037,76.21948026120663
CTSH,"Cognizant Partners With Palo Alto Networks To Deliver AI-Led Cybersecurity Services To Fortify Cybersecurity Readiness For Organizations In The Financial Services, Healthcare And Life Sciences Industries","Cognizant Partners With Palo Alto Networks To Deliver AI-Led Cybersecurity Services To Fortify Cybersecurity Readiness For Organizations In The Financial Services, Healthcare And Life Sciences Industries",2024-10-10T14:02:12Z,2024-10-10,76.26000213623047,76.31999969482422,74.2699966430664,74.5,73.95561218261719,3545300,76.80000305175781,76.12999725341797,76.0,77.13999938964844,76.52999877929688,76.76000213623047,76.08999633789062,0.8899326324462891,0.1081277057528495,0.0019396720454096,75.34943724423647
CTSH,"Cognizant Unveils Multi-Agent AI For Neuro Platform, Driving Rapid Enterprise AI Innovation","Cognizant Unveils Multi-Agent AI For Neuro Platform, Driving Rapid Enterprise AI Innovation",2024-10-16T05:07:43Z,2024-10-16,77.4800033569336,77.80999755859375,77.2699966430664,77.5999984741211,77.032958984375,2351900,77.37999725341797,76.7699966430664,75.94000244140625,74.5,76.80000305175781,76.12999725341797,76.0,0.4717607498168945,0.5217188000679016,0.0065204431302845,76.88944184035063
CTSH,Cracking The Code: Understanding Analyst Reviews For Cognizant Tech Solns, ,2024-10-22T20:00:12Z,2024-10-22,76.62999725341797,76.76000213623047,75.66000366210938,75.81999969482422,75.2659683227539,1866600,76.87000274658203,78.0,77.73999786376953,77.5999984741211,77.37999725341797,76.7699966430664,75.94000244140625,0.3561300039291382,0.6328378915786743,0.0110320886597037,74.4994338080287
CTSH,"Deutsche Bank Maintains Hold on Cognizant Tech Solns, Raises Price Target to $80","Deutsche Bank Maintains Hold on Cognizant Tech Solns, Raises Price Target to $80",2024-10-22T17:43:30Z,2024-10-22,76.62999725341797,76.76000213623047,75.66000366210938,75.81999969482422,75.2659683227539,1866600,76.87000274658203,78.0,77.73999786376953,77.5999984741211,77.37999725341797,76.7699966430664,75.94000244140625,0.815686821937561,0.0895632803440094,0.0947499200701713,77.59939008206129
CTSH,"Cognizant Partners With NVIDIA To Tackle Cloud Costs, Boost AI-Ready Infrastructure With RAPIDS","Cognizant Partners With NVIDIA To Tackle Cloud Costs, Boost AI-Ready Infrastructure With RAPIDS",2024-10-24T07:57:38Z,2024-10-24,76.2300033569336,76.41999816894531,74.69000244140625,74.86000061035156,74.31298828125,6106700,76.06999969482422,75.81999969482422,76.87000274658203,78.0,77.73999786376953,77.5999984741211,77.37999725341797,0.1427390575408935,0.8541865348815918,0.0030743908137083,75.81938776373863
CTSH,"Cognizant Signs Strategic Collaboration Agreement With AWS To Transform Manufacturing Operations At Scale, For Enterprises In Industrial, Automotive, Life Sciences And Consumer Goods Industries","Cognizant Signs Strategic Collaboration Agreement With AWS To Transform Manufacturing Operations At Scale, For Enterprises In Industrial, Automotive, Life Sciences And Consumer Goods Industries",2024-10-29T13:05:56Z,2024-10-29,74.86000061035156,75.93000030517578,74.55999755859375,75.5199966430664,74.96815490722656,4020900,74.9800033569336,74.81999969482422,74.86000061035156,76.06999969482422,75.81999969482422,76.87000274658203,78.0,0.5926595330238342,0.4026655852794647,0.0046748905442655,75.81937322765589
CTSH,Cognizant Technology Solutions Sees Q4 Revenue $5B-$5.1B Vs $5.09B Est. Est.; FY24 Adj EPS $4.63-$4.67 Vs $4.62 Est.; Revenue $19.7B-$19.8B Vs $19.65B Est.,Cognizant Technology Solutions Sees Q4 Revenue $5B-$5.1B Vs $5.09B Est. Est.; FY24 Adj EPS $4.63-$4.67 Vs $4.62 Est.; Revenue $19.7B-$19.8B Vs $19.65B Est.,2024-10-30T20:04:15Z,2024-10-30,74.77999877929688,75.4000015258789,74.2699966430664,74.3499984741211,73.80670928955078,3266600,75.5199966430664,74.9800033569336,74.81999969482422,74.86000061035156,76.06999969482422,75.81999969482422,76.87000274658203,0.7150311470031738,0.2848897278308868,7.906931568868458e-05,74.8593527302146
CTSH,"Cognizant Tech Solns Q3 Adj $1.25 Beats $1.15 Estimate, Sales $5.04B Beat $4.99B Estimate","Cognizant Tech Solns Q3 Adj $1.25 Beats $1.15 Estimate, Sales $5.04B Beat $4.99B Estimate",2024-10-30T20:01:59Z,2024-10-30,74.77999877929688,75.4000015258789,74.2699966430664,74.3499984741211,73.80670928955078,3266600,75.5199966430664,74.9800033569336,74.81999969482422,74.86000061035156,76.06999969482422,75.81999969482422,76.87000274658203,1.4875423914872957e-07,0.9999998807907104,1.0479027423571097e-08,75.51936630159616
CTSH,"TD Cowen Maintains Hold on Cognizant Tech Solns, Raises Price Target to $76","TD Cowen Maintains Hold on Cognizant Tech Solns, Raises Price Target to $76",2024-10-31T18:10:29Z,2024-10-31,77.83000183105469,78.0,74.56999969482422,74.58999633789062,74.04495239257812,6074400,74.3499984741211,75.5199966430664,74.9800033569336,74.81999969482422,74.86000061035156,76.06999969482422,75.81999969482422,0.7132629156112671,0.0704523995518684,0.2162847220897674,74.34934467077255
CTSH,"Baird Maintains Neutral on Cognizant Tech Solns, Raises Price Target to $80","Baird Maintains Neutral on Cognizant Tech Solns, Raises Price Target to $80",2024-10-31T12:17:59Z,2024-10-31,77.83000183105469,78.0,74.56999969482422,74.58999633789062,74.04495239257812,6074400,74.3499984741211,75.5199966430664,74.9800033569336,74.81999969482422,74.86000061035156,76.06999969482422,75.81999969482422,0.8365521430969238,0.1468037217855453,0.0166441015899181,74.34933707863092
CTSH,Needham Reiterates Hold on Cognizant Tech Solns,Needham Reiterates Hold on Cognizant Tech Solns,2024-10-31T11:14:10Z,2024-10-31,77.83000183105469,78.0,74.56999969482422,74.58999633789062,74.04495239257812,6074400,74.3499984741211,75.5199966430664,74.9800033569336,74.81999969482422,74.86000061035156,76.06999969482422,75.81999969482422,0.9679760336875916,0.0033119712024927,0.0287120100110769,74.58938530832529
CTSH,"Mizuho Maintains Neutral on Cognizant Tech Solns, Raises Price Target to $84","Mizuho Maintains Neutral on Cognizant Tech Solns, Raises Price Target to $84",2024-11-01T18:12:50Z,2024-11-01,74.38999938964844,74.91000366210938,73.11000061035156,74.61000061035156,74.06481170654297,4101200,74.58999633789062,74.3499984741211,75.5199966430664,74.9800033569336,74.81999969482422,74.86000061035156,76.06999969482422,0.7197738885879517,0.2650490701198578,0.0151770506054162,74.58941355347633
CTSH,Bitcoin Proxy MicroStrategy Added More To Its Market Cap In Last 2 Months Than What Ford Is Worth Currently,"Bitcoin&#39;s (CRYPTO: BTC) bullish turn since early September has reflected well on MicroStrategy Inc. (NASDAQ:MSTR), with the proxy firm increasing its valuation by $50 billion in the last two months.",2024-11-14T04:08:40Z,2024-11-14,81.94000244140625,82.2699966430664,80.66000366210938,80.7699966430664,80.17980194091797,3264900,82.31999969482422,81.73999786376953,81.5,80.30999755859375,81.36000061035156,79.4000015258789,75.38999938964844,5.507284640771104e-06,0.9999942779541016,2.075119880373677e-07,74.58941937983036
CTSH,"Michael Saylor Is Planning A Bitcoin $100K Party At His House, Expects End Of War On Crypto Under Trump","Michael Saylor, CEO of MicroStrategy Inc.",2024-11-15T03:25:09Z,2024-11-15,80.5,80.5199966430664,77.08000183105469,77.11000061035156,76.54654693603516,5411800,80.7699966430664,82.31999969482422,81.73999786376953,81.5,80.30999755859375,81.36000061035156,79.4000015258789,0.962799906730652,0.033742681145668,0.0034573341254144,74.60942804813385
CTSH,The Analyst Verdict: Cognizant Tech Solns In The Eyes Of 5 Experts, ,2024-12-17T20:00:39Z,2024-12-17,81.31999969482422,82.45999908447266,80.87000274658203,81.02999877929688,80.7530517578125,3368500,80.69999694824219,80.05999755859375,80.37000274658203,81.25,80.05999755859375,80.63999938964844,81.1500015258789,0.3561300039291382,0.6328378915786743,0.0110320886597037,80.76943415403366
CTSH,"Barclays Upgrades Cognizant Tech Solns to Overweight, Raises Price Target to $95","Barclays Upgrades Cognizant Tech Solns to Overweight, Raises Price Target to $95",2024-12-17T18:08:35Z,2024-12-17,81.31999969482422,82.45999908447266,80.87000274658203,81.02999877929688,80.7530517578125,3368500,80.69999694824219,80.05999755859375,80.37000274658203,81.25,80.05999755859375,80.63999938964844,81.1500015258789,0.0037009841762483,0.9962712526321412,2.7713775125448592e-05,77.10939924418926
CTSH,10 Information Technology Stocks With Whale Alerts In Today's Session, ,2024-12-17T17:35:13Z,2024-12-17,81.31999969482422,82.45999908447266,80.87000274658203,81.02999877929688,80.7530517578125,3368500,80.69999694824219,80.05999755859375,80.37000274658203,81.25,80.05999755859375,80.63999938964844,81.1500015258789,0.3561300039291382,0.6328378915786743,0.0110320886597037,81.02932560443878
CTSH,Cognizant Launches Neuro AI Framework To Streamline Multi-Agent AI Adoption Across Industries,Cognizant Launches Neuro AI Framework To Streamline Multi-Agent AI Adoption Across Industries,2025-01-16T06:31:17Z,2025-01-16,77.4000015258789,77.63999938964844,76.26000213623047,77.43000030517578,77.16535949707031,2995100,77.77999877929688,77.16999816894531,76.68000030517578,75.31999969482422,76.0199966430664,75.62000274658203,75.91000366210938,0.9303719997406006,0.0680646896362304,0.0015632899012416,81.02929305285215
CTSH,McDonald's And Cognizant Renew Partnership To Boost Cloud Transformation,Cognizant and McDonald&#39;s extend their partnership to boost operational efficiency with advanced technologies. The renewed agreement aims to modernize McDonald&#39;s finance systems.,2025-01-21T16:50:28Z,2025-01-21,78.02999877929688,78.87000274658203,77.55000305175781,78.44999694824219,78.18186950683594,3384900,77.80999755859375,77.43000030517578,77.77999877929688,77.16999816894531,76.68000030517578,75.31999969482422,76.0199966430664,0.0001373764680465,0.9998584985733032,4.14684791394393e-06,81.02935260534286
CTSH,Cognizant Teams with CrowdStrike To Fortify Enterprise Defense Systems,"Cognizant partners with CrowdStrike to enhance enterprise security using AI-powered Falcon platform. Q4 results on Feb 5, 2025.",2025-01-21T14:02:01Z,2025-01-21,78.02999877929688,78.87000274658203,77.55000305175781,78.44999694824219,78.18186950683594,3384900,77.80999755859375,77.43000030517578,77.77999877929688,77.16999816894531,76.68000030517578,75.31999969482422,76.0199966430664,0.952118754386902,0.0468007363379001,0.0010805871570482,77.42928317934275
CTSH,"Cognizant And McDonald's Announced Multi-Year Partnership Extension To Enhance Staff Enablement And Customer Experience, Focus On Global Finance And Human Capital Management","Cognizant And McDonald's Announced Multi-Year Partnership Extension To Enhance Staff Enablement And Customer Experience, Focus On Global Finance And Human Capital Management",2025-01-21T13:16:21Z,2025-01-21,78.02999877929688,78.87000274658203,77.55000305175781,78.44999694824219,78.18186950683594,3384900,77.80999755859375,77.43000030517578,77.77999877929688,77.16999816894531,76.68000030517578,75.31999969482422,76.0199966430664,0.0004290789365768,0.99956077337265,1.0111227311426774e-05,78.44932430237532
CTSH,Cognizant And CrowdStrike Join Forces To Enhance Global Enterprise Cybersecurity,Cognizant And CrowdStrike Join Forces To Enhance Global Enterprise Cybersecurity,2025-01-21T05:25:20Z,2025-01-21,78.02999877929688,78.87000274658203,77.55000305175781,78.44999694824219,78.18186950683594,3384900,77.80999755859375,77.43000030517578,77.77999877929688,77.16999816894531,76.68000030517578,75.31999969482422,76.0199966430664,0.8230319023132324,0.1747355461120605,0.0022325252648442,78.44932670146227
CTSH,"If You Invested $1000 In This Stock 20 Years Ago, You Would Have This Much Today", ,2025-01-27T15:15:11Z,2025-01-27,79.5,81.33000183105469,79.36000061035156,81.12000274658203,80.8427505493164,3127800,80.05000305175781,79.68000030517578,79.05000305175781,78.44999694824219,77.80999755859375,77.43000030517578,77.77999877929688,0.3561300039291382,0.6328378915786743,0.0110320886597037,78.44935784488916
CTSH,"Live On CNBC, Segment Titled Josh's Best Stocks: Acenture, Gartner, Cognizant Technology Solutions; Shares See Volume To The Upside","Live On CNBC, Segment Titled Josh's Best Stocks: Acenture, Gartner, Cognizant Technology Solutions; Shares See Volume To The Upside",2025-01-30T17:45:12Z,2025-01-30,82.0,83.47000122070312,81.79000091552734,82.76000213623047,82.47714233398438,4444100,81.19000244140625,80.95999908447266,81.12000274658203,80.05000305175781,79.68000030517578,79.05000305175781,78.44999694824219,0.0018328845035284,0.99816232919693,4.795484073838452e-06,78.44931743294
CTSH,Cognizant And Gilead Expand Partnership To Drive Greater Value Through Advanced Technology Applications,Cognizant And Gilead Expand Partnership To Drive Greater Value Through Advanced Technology Applications,2025-01-30T13:06:06Z,2025-01-30,82.0,83.47000122070312,81.79000091552734,82.76000213623047,82.47714233398438,4444100,81.19000244140625,80.95999908447266,81.12000274658203,80.05000305175781,79.68000030517578,79.05000305175781,78.44999694824219,0.0164357684552669,0.983382284641266,0.0001819737954065,81.11932358890772
CTSH,"Morgan Stanley Maintains Equal-Weight on Cognizant Tech Solns, Raises Price Target to $80","Morgan Stanley Maintains Equal-Weight on Cognizant Tech Solns, Raises Price Target to $80",2025-01-31T14:12:03Z,2025-01-31,82.83999633789062,83.4000015258789,82.48999786376953,82.61000061035156,82.32765197753906,2647700,82.76000213623047,81.19000244140625,80.95999908447266,81.12000274658203,80.05000305175781,79.68000030517578,79.05000305175781,0.7282013893127441,0.2706905901432037,0.0011079796822741,82.75925111025572
CTSH,"UBS Maintains Neutral on Cognizant Tech Solns, Raises Price Target to $86","UBS Maintains Neutral on Cognizant Tech Solns, Raises Price Target to $86",2025-02-03T16:09:10Z,2025-02-03,81.95999908447266,83.31999969482422,81.44000244140625,82.9000015258789,82.61666107177734,3389300,82.61000061035156,82.76000213623047,81.19000244140625,80.95999908447266,81.12000274658203,80.05000305175781,79.68000030517578,0.856246829032898,0.1195054575800895,0.0242477282881736,82.75929839909077
CTSH,Cognizant Tech Solns Q4 Earnings Assessment, ,2025-02-05T21:32:49Z,2025-02-05,81.83999633789062,83.87000274658203,81.83999633789062,83.5999984741211,83.31427001953125,4783300,83.54000091552734,82.9000015258789,82.61000061035156,82.76000213623047,81.19000244140625,80.95999908447266,81.12000274658203,0.3561300039291382,0.6328378915786743,0.0110320886597037,82.60929468274117
CTSH,Cognizant Tech Solns Q4 Earnings Report: What Investors Need to Know, ,2025-02-05T21:27:53Z,2025-02-05,81.83999633789062,83.87000274658203,81.83999633789062,83.5999984741211,83.31427001953125,4783300,83.54000091552734,82.9000015258789,82.61000061035156,82.76000213623047,81.19000244140625,80.95999908447266,81.12000274658203,0.3561300039291382,0.6328378915786743,0.0110320886597037,82.89929666370153
CTSH,"Cognizant Tech Solns Q4 2024 Adj EPS $1.21 Beats $1.12 Estimate, Sales $5.10B Beat $5.07B Estimate","Cognizant Tech Solns Q4 2024 Adj EPS $1.21 Beats $1.12 Estimate, Sales $5.10B Beat $5.07B Estimate",2025-02-05T21:03:48Z,2025-02-05,81.83999633789062,83.87000274658203,81.83999633789062,83.5999984741211,83.31427001953125,4783300,83.54000091552734,82.9000015258789,82.61000061035156,82.76000213623047,81.19000244140625,80.95999908447266,81.12000274658203,5.42346292320417e-08,0.9999998807907104,6.2803535705313615e-09,83.59932092577219
CTSH,"Stocks Rebound, Google Eyes Worst Drop In A Year, Gold Shatters Fresh Records: What's Driving Markets Wednesday?","Wall Street rose on Wednesday, with all major equity indices advancing as investors assessed the latest batch of corporate earnings and drew optimism from positive labor market data.",2025-02-05T19:53:15Z,2025-02-05,81.83999633789062,83.87000274658203,81.83999633789062,83.5999984741211,83.31427001953125,4783300,83.54000091552734,82.9000015258789,82.61000061035156,82.76000213623047,81.19000244140625,80.95999908447266,81.12000274658203,6.791257328586653e-05,0.9999291896820068,2.87048510472232e-06,83.59931822866201
CTSH,"US Stocks Likely To Open Lower Following Alphabet, AMD Earnings: Walt Disney, Uber, Ford, Qualcomm In Focus",U.S. stock futures declined on Wednesday after Tuesday&#39;s advances amid trade war concerns and major earnings reports.,2025-02-05T11:20:58Z,2025-02-05,81.83999633789062,83.87000274658203,81.83999633789062,83.5999984741211,83.31427001953125,4783300,83.54000091552734,82.9000015258789,82.61000061035156,82.76000213623047,81.19000244140625,80.95999908447266,81.12000274658203,0.0035110297612845,0.0007208436727523,0.9957680702209472,83.59925947338343
CTSH,"Earnings Scheduled For February 5, 2025", ,2025-02-05T08:32:24Z,2025-02-05,81.83999633789062,83.87000274658203,81.83999633789062,83.5999984741211,83.31427001953125,4783300,83.54000091552734,82.9000015258789,82.61000061035156,82.76000213623047,81.19000244140625,80.95999908447266,81.12000274658203,0.3561300039291382,0.6328378915786743,0.0110320886597037,83.599186450243
CTSH,"Stocks Edge Higher, Bank Giants Rally, Palantir Skyrockets: What's Driving Markets Thursday?","It&#39;s a mixed session on Wall Street, with major indices struggling for direction as investors hold their breath ahead of a key jobs report set for Friday morning.



The S&amp;P 500 and the Nasdaq 100 edged up 0.3%, while the Dow Jones slipped 0.1% and small caps held steady.",2025-02-06T18:45:11Z,2025-02-06,84.19000244140625,87.61000061035156,83.3499984741211,87.08999633789062,86.7923355102539,6345100,83.5999984741211,83.54000091552734,82.9000015258789,82.61000061035156,82.76000213623047,81.19000244140625,80.95999908447266,0.2933058440685272,0.0337093509733676,0.672984778881073,83.599185526371
CTSH,"RBC Capital Maintains Sector Perform on Cognizant Tech Solns, Raises Price Target to $93","RBC Capital Maintains Sector Perform on Cognizant Tech Solns, Raises Price Target to $93",2025-02-06T17:01:48Z,2025-02-06,84.19000244140625,87.61000061035156,83.3499984741211,87.08999633789062,86.7923355102539,6345100,83.5999984741211,83.54000091552734,82.9000015258789,82.61000061035156,82.76000213623047,81.19000244140625,80.95999908447266,0.2475981265306472,0.7495865821838379,0.0028152342420071,83.59918392449617
CTSH,"Morgan Stanley Maintains Equal-Weight on Cognizant Tech Solns, Raises Price Target to $85","Morgan Stanley Maintains Equal-Weight on Cognizant Tech Solns, Raises Price Target to $85",2025-02-06T13:57:22Z,2025-02-06,84.19000244140625,87.61000061035156,83.3499984741211,87.08999633789062,86.7923355102539,6345100,83.5999984741211,83.54000091552734,82.9000015258789,82.61000061035156,82.76000213623047,81.19000244140625,80.95999908447266,0.7064621448516846,0.2924496829509735,0.0010881631169468,87.08920855075121
CTSH,Analyst Expectations For Cognizant Tech Solns's Future, ,2025-02-06T13:00:22Z,2025-02-06,84.19000244140625,87.61000061035156,83.3499984741211,87.08999633789062,86.7923355102539,6345100,83.5999984741211,83.54000091552734,82.9000015258789,82.61000061035156,82.76000213623047,81.19000244140625,80.95999908447266,0.3561300039291382,0.6328378915786743,0.0110320886597037,87.08926440775394
CTSH,"BMO Capital Maintains Market Perform on Cognizant Tech Solns, Raises Price Target to $94","BMO Capital Maintains Market Perform on Cognizant Tech Solns, Raises Price Target to $94",2025-02-06T12:52:42Z,2025-02-06,84.19000244140625,87.61000061035156,83.3499984741211,87.08999633789062,86.7923355102539,6345100,83.5999984741211,83.54000091552734,82.9000015258789,82.61000061035156,82.76000213623047,81.19000244140625,80.95999908447266,0.4994322061538696,0.4981940686702728,0.0023737214505672,87.08928173780441
CTSH,Needham Reiterates Hold on Cognizant Tech Solnsto Hold,Needham Reiterates Hold on Cognizant Tech Solnsto Hold,2025-02-06T11:36:36Z,2025-02-06,84.19000244140625,87.61000061035156,83.3499984741211,87.08999633789062,86.7923355102539,6345100,83.5999984741211,83.54000091552734,82.9000015258789,82.61000061035156,82.76000213623047,81.19000244140625,80.95999908447266,0.741317629814148,0.007296766154468,0.2513855993747711,87.08929044753313
CTSH,How To Earn $500 A Month From McDonald's Stock Ahead Of Q4 Earnings,"McDonald&#39;s offers an annual dividend yield of 2.41%. So, how can investors exploit its dividend yield to pocket a regular $500 monthly?",2025-02-07T13:22:10Z,2025-02-07,87.27999877929688,87.3499984741211,85.80000305175781,86.19999694824219,85.90538024902344,3909300,87.08999633789062,83.5999984741211,83.54000091552734,82.9000015258789,82.61000061035156,82.76000213623047,81.19000244140625,0.9398705959320068,0.0599486529827117,0.0001807223161449,87.08931376039982
CTSH,"Barclays Maintains Overweight on Cognizant Tech Solns, Raises Price Target to $103","Barclays Maintains Overweight on Cognizant Tech Solns, Raises Price Target to $103",2025-02-10T12:37:27Z,2025-02-10,87.0199966430664,87.44999694824219,86.30999755859375,86.95999908447266,86.66278076171875,4727600,86.19999694824219,87.08999633789062,83.5999984741211,83.54000091552734,82.9000015258789,82.61000061035156,82.76000213623047,0.0002581955341156,0.9997403025627136,1.550838192088122e-06,87.08936253935099
CTSH,Cognizant Extends Partnership With Belgian Bank-Insurer KBC Group to Enhance IT Services and Innovation Through 2027,Cognizant Extends Partnership With Belgian Bank-Insurer KBC Group to Enhance IT Services and Innovation Through 2027,2025-02-10T09:04:01Z,2025-02-10,87.0199966430664,87.44999694824219,86.30999755859375,86.95999908447266,86.66278076171875,4727600,86.19999694824219,87.08999633789062,83.5999984741211,83.54000091552734,82.9000015258789,82.61000061035156,82.76000213623047,0.2684939503669739,0.7305775880813599,0.0009284340776503,86.19931771606207
CTSH,McDonald's Gears Up For Q4 Print; Here Are The Recent Forecast Changes From Wall Street's Most Accurate Analysts, ,2025-02-10T07:37:22Z,2025-02-10,87.0199966430664,87.44999694824219,86.30999755859375,86.95999908447266,86.66278076171875,4727600,86.19999694824219,87.08999633789062,83.5999984741211,83.54000091552734,82.9000015258789,82.61000061035156,82.76000213623047,0.3561300039291382,0.6328378915786743,0.0110320886597037,86.95931404083967
CTSH,Cognizant And Elektrobit Collaborate To Accelerate Development Of Software-Defined Vehicles,Cognizant And Elektrobit Collaborate To Accelerate Development Of Software-Defined Vehicles,2025-02-12T17:01:51Z,2025-02-12,86.93000030517578,88.4000015258789,86.87999725341797,88.08000183105469,87.77896118164062,2869800,87.87000274658203,86.95999908447266,86.19999694824219,87.08999633789062,83.5999984741211,83.54000091552734,82.9000015258789,0.9359586238861084,0.0632321760058403,0.0008091001072898,86.95929942280054
CTSH,How Is The Market Feeling About Cognizant Tech Solns?, ,2025-02-14T14:17:06Z,2025-02-14,89.83999633789062,90.81999969482422,89.33999633789062,90.6999969482422,90.38999938964844,4370000,89.58000183105469,88.08000183105469,87.87000274658203,86.95999908447266,86.19999694824219,87.08999633789062,83.5999984741211,0.3561300039291382,0.6328378915786743,0.0110320886597037,86.95930536836386
CTSH,Cognizant Extends Partnership With Building Materials Company Etex To Provide GenAI And Chatbot Solutions,Cognizant Extends Partnership With Building Materials Company Etex To Provide GenAI And Chatbot Solutions,2025-02-18T09:03:12Z,2025-02-18,89.8499984741211,90.0,88.04000091552734,88.7699966430664,88.7699966430664,7779100,90.6999969482422,89.58000183105469,88.08000183105469,87.87000274658203,86.95999908447266,86.19999694824219,87.08999633789062,0.98085355758667,0.0181920565664768,0.0009543151827529,88.07926651090384
CTSH,Cognizant Owned Belcan Expands Global Footprint With New Aerospace and Defense Office in Toulouse,Cognizant Owned Belcan Expands Global Footprint With New Aerospace and Defense Office in Toulouse,2025-02-24T11:01:42Z,2025-02-24,85.44999694824219,85.44999694824219,84.41000366210938,84.55000305175781,84.55000305175781,8623500,84.87000274658203,87.54000091552734,88.43000030517578,88.7699966430664,90.6999969482422,89.58000183105469,88.08000183105469,0.0468403622508049,0.9530924558639526,6.714251503581181e-05,90.69933477044108
CTSH,$1000 Invested In Cognizant Tech Solns 20 Years Ago Would Be Worth This Much Today, ,2025-02-27T22:45:20Z,2025-02-27,84.19999694824219,84.9000015258789,83.91999816894531,83.98999786376953,83.98999786376953,4637200,84.1500015258789,84.83999633789062,84.55000305175781,84.87000274658203,87.54000091552734,88.43000030517578,88.7699966430664,0.3561300039291382,0.6328378915786743,0.0110320886597037,88.76932010054588
CTSH,'Activist Mantle Ridge Builds Over $1B Stake In Cognizant' - WSJ,'Activist Mantle Ridge Builds Over $1B Stake In Cognizant' - WSJ,2025-03-07T21:33:30Z,2025-03-07,82.66000366210938,83.58000183105469,81.5999984741211,83.2300033569336,83.2300033569336,5748000,83.55999755859375,84.29000091552734,83.73999786376953,83.51000213623047,83.33000183105469,83.98999786376953,84.1500015258789,0.8347970247268677,0.1614444106817245,0.0037585895042866,84.5493240877986
CTSH,US Stocks Likely To Open Lower After Trump Hints At Looming Recession: Expert Says Can't Rule Out A Bear Market As Indices Inch Towards Correction Territory,U.S. stock futures declined on Monday after a small bout of relief on Friday as indices neared the correction zone.,2025-03-10T11:29:50Z,2025-03-10,83.41000366210938,87.02999877929688,83.02999877929688,84.0,84.0,9940000,83.2300033569336,83.55999755859375,84.29000091552734,83.73999786376953,83.51000213623047,83.33000183105469,83.98999786376953,0.0292657762765884,0.0039301263168454,0.9668042063713074,83.98931013047695
CTSH,"BioNTech, Oracle And 3 Stocks To Watch Heading Into Monday", ,2025-03-10T05:41:28Z,2025-03-10,83.41000366210938,87.02999877929688,83.02999877929688,84.0,84.0,9940000,83.2300033569336,83.55999755859375,84.29000091552734,83.73999786376953,83.51000213623047,83.33000183105469,83.98999786376953,0.3561300039291382,0.6328378915786743,0.0110320886597037,83.22929134964943
CTSH,Cognizant And Boehringer Ingelheim Go Live With 'One Medicine Platform' To Streamline Drug Development,Cognizant And Boehringer Ingelheim Go Live With 'One Medicine Platform' To Streamline Drug Development,2025-03-11T12:00:30Z,2025-03-11,83.52999877929688,83.77999877929688,81.9000015258789,82.47000122070312,82.47000122070312,4363600,84.0,83.2300033569336,83.55999755859375,84.29000091552734,83.73999786376953,83.51000213623047,83.33000183105469,0.9772672653198242,0.0216629356145858,0.0010698162950575,83.99924935400486
CTSH,"Morgan Stanley Maintains Equal-Weight on Cognizant Tech Solns, Lowers Price Target to $80","Morgan Stanley Maintains Equal-Weight on Cognizant Tech Solns, Lowers Price Target to $80",2025-03-12T12:49:39Z,2025-03-12,82.05999755859375,82.19000244140625,79.13999938964844,79.5,79.5,4801000,82.47000122070312,84.0,83.2300033569336,83.55999755859375,84.29000091552734,83.73999786376953,83.51000213623047,0.2334515750408172,0.3429779410362243,0.4235705435276031,83.99932543188334
CTSH,Deep Dive Into Cognizant Tech Solns Stock: Analyst Perspectives (8 Ratings), ,2025-03-17T22:01:01Z,2025-03-17,78.98999786376953,80.52999877929688,78.7699966430664,80.0199966430664,80.0199966430664,2862400,79.12000274658203,78.33999633789062,79.5,82.47000122070312,84.0,83.2300033569336,83.55999755859375,0.3561300039291382,0.6328378915786743,0.0110320886597037,82.4693241044879
CTSH,"UBS Maintains Neutral on Cognizant Tech Solns, Lowers Price Target to $88","UBS Maintains Neutral on Cognizant Tech Solns, Lowers Price Target to $88",2025-03-17T14:23:24Z,2025-03-17,78.98999786376953,80.52999877929688,78.7699966430664,80.0199966430664,80.0199966430664,2862400,79.12000274658203,78.33999633789062,79.5,82.47000122070312,84.0,83.2300033569336,83.55999755859375,0.1837211996316909,0.1987131685018539,0.6175656318664551,79.4992952272296
CTSH,$1000 Invested In This Stock 20 Years Ago Would Be Worth This Much Today, ,2025-03-21T20:30:11Z,2025-03-21,76.41000366210938,76.94999694824219,75.5,76.41999816894531,76.41999816894531,9505300,77.20999908447266,79.66000366210938,79.58000183105469,80.0199966430664,79.12000274658203,78.33999633789062,79.5,0.3561300039291382,0.6328378915786743,0.0110320886597037,80.01929946243763
CTSH,"Big Tech Companies Employ Majority Of H-1B Visa Workers: Where Do Amazon, Google, Meta Rank?","Big tech companies are employing the majority of approved H-1B visa workers in the U.S., according to research from the Pew Research Center.Â Here&#39;s a look at which companies top the list.",2025-03-25T23:19:56Z,2025-03-25,78.55000305175781,80.5199966430664,78.47000122070312,78.81999969482422,78.81999969482422,5214900,77.94000244140625,76.41999816894531,77.20999908447266,79.66000366210938,79.58000183105469,80.0199966430664,79.12000274658203,0.9948910474777222,0.004954638890922,0.0001543249672977,80.01930342614651
CTSH,"Live On CNBC, Cognizant Technology Solutions CEO Ravi Kumar Discusses The Future Of AI; Nvidia Partnership","Live On CNBC, Cognizant Technology Solutions CEO Ravi Kumar Discusses The Future Of AI; Nvidia Partnership",2025-03-25T15:19:55Z,2025-03-25,78.55000305175781,80.5199966430664,78.47000122070312,78.81999969482422,78.81999969482422,5214900,77.94000244140625,76.41999816894531,77.20999908447266,79.66000366210938,79.58000183105469,80.0199966430664,79.12000274658203,0.9956321120262146,0.0039335088804364,0.0004344447515904,76.4193123281002
CTSH,"Cognizant Boosts Stock Buyback, Partners With NVIDIA To Enhance Enterprise Operations With Neuro AI Platform","Cognizant Technology leverages NVIDIA AI to drive AI adoption across industries. Their innovations include AI-powered enterprise agents, industry-specific large language models (LLMs), and digital twins for manufacturing. Also, Board approves $2 billion increase to share repurchase authorization.",2025-03-25T14:49:21Z,2025-03-25,78.55000305175781,80.5199966430664,78.47000122070312,78.81999969482422,78.81999969482422,5214900,77.94000244140625,76.41999816894531,77.20999908447266,79.66000366210938,79.58000183105469,80.0199966430664,79.12000274658203,0.0035106742288917,0.9964717626571656,1.7578538972884417e-05,78.81937227398157
CTSH,Cognizant Launches Neuro AI Platform Powered By NVIDIA To Accelerate Scalable Enterprise AI Adoption Across Industries,Cognizant Launches Neuro AI Platform Powered By NVIDIA To Accelerate Scalable Enterprise AI Adoption Across Industries,2025-03-25T04:57:06Z,2025-03-25,78.55000305175781,80.5199966430664,78.47000122070312,78.81999969482422,78.81999969482422,5214900,77.94000244140625,76.41999816894531,77.20999908447266,79.66000366210938,79.58000183105469,80.0199966430664,79.12000274658203,0.0161016844213008,0.9838225245475768,7.583259139209986e-05,78.81935649365187
CTSH,How Do Investors Really Feel About Cognizant Tech Solns?, ,2025-03-26T18:00:28Z,2025-03-26,78.55000305175781,79.38999938964844,77.66999816894531,77.8499984741211,77.8499984741211,3833100,78.81999969482422,77.94000244140625,76.41999816894531,77.20999908447266,79.66000366210938,79.58000183105469,80.0199966430664,0.3561300039291382,0.6328378915786743,0.0110320886597037,78.81934133172035
CTSH,"RBC Capital Reiterates Sector Perform on Cognizant Tech Solns, Maintains $93 Price Target","RBC Capital Reiterates Sector Perform on Cognizant Tech Solns, Maintains $93 Price Target",2025-03-26T15:10:17Z,2025-03-26,78.55000305175781,79.38999938964844,77.66999816894531,77.8499984741211,77.8499984741211,3833100,78.81999969482422,77.94000244140625,76.41999816894531,77.20999908447266,79.66000366210938,79.58000183105469,80.0199966430664,0.6234750151634216,0.3753751814365387,0.0011498901294544,78.81933692097664
CTSH,"Cognizant, ServiceNow Launch AI-Driven Solution For Banking Disputes","Cognizant (NASDAQ: CTSH) and ServiceNow (NYSE: NOW) have launched an AI-powered dispute resolution solution for mid-sized banks in North America. This BPaaS offering leverages generative AI, automation, and multi-channel intake to streamline dispute management, reduce chargeback losses, and enhance customer experience.",2025-03-27T14:20:55Z,2025-03-27,77.80999755859375,78.18000030517578,77.23999786376953,77.58000183105469,77.58000183105469,3251600,77.8499984741211,78.81999969482422,77.94000244140625,76.41999816894531,77.20999908447266,79.66000366210938,79.58000183105469,0.0004240709822624,0.9995686411857604,7.240601462399354e-06,77.84930267930031
CTSH,Needham Reiterates Hold on Cognizant Tech Solnsto Hold,Needham Reiterates Hold on Cognizant Tech Solnsto Hold,2025-03-27T11:12:59Z,2025-03-27,77.80999755859375,78.18000030517578,77.23999786376953,77.58000183105469,77.58000183105469,3251600,77.8499984741211,78.81999969482422,77.94000244140625,76.41999816894531,77.20999908447266,79.66000366210938,79.58000183105469,0.741317629814148,0.007296766154468,0.2513855993747711,77.84923004359007
CTSH,Forecasting The Future: 10 Analyst Projections For Cognizant Tech Solns, ,2025-04-08T14:00:51Z,2025-04-08,68.5,69.25,65.66000366210938,66.47000122070312,66.47000122070312,4740500,67.37999725341797,68.73999786376953,73.2699966430664,76.7300033569336,76.44999694824219,76.5,75.9000015258789,0.3561300039291382,0.6328378915786743,0.0110320886597037,77.57929299026728
CTSH,"Baird Maintains Neutral on Cognizant Tech Solns, Lowers Price Target to $78","Baird Maintains Neutral on Cognizant Tech Solns, Lowers Price Target to $78",2025-04-08T12:39:13Z,2025-04-08,68.5,69.25,65.66000366210938,66.47000122070312,66.47000122070312,4740500,67.37999725341797,68.73999786376953,73.2699966430664,76.7300033569336,76.44999694824219,76.5,75.9000015258789,0.3219079971313476,0.2981467843055725,0.3799451887607574,77.57932063937187
CTSH,Price Over Earnings Overview: Cognizant Tech Solns, ,2025-04-09T14:00:28Z,2025-04-09,65.9800033569336,73.20999908447266,65.63999938964844,72.88999938964844,72.88999938964844,7073500,66.47000122070312,67.37999725341797,68.73999786376953,73.2699966430664,76.7300033569336,76.44999694824219,76.5,0.3561300039291382,0.6328378915786743,0.0110320886597037,66.46932251006365
